setup_time_ms,compile_time_ms,deploy_time_ms,state_slot_setup_time_ms,num_state_slots,num_state_arrays,execution_time_ms,debug_open_time_ms,byteop_count,jump_to_end_time_ms,total_time_ms,pure_debug_time_ms,success,contract_name,function_name,annotation_targets,expected_state_slots,run_number,error
1144.3806999887,16452.6288999768,18320.7604000054,0.000799977,0.0,0.0,1009.5434999967,6291.0,689.0,57158.0,104335.0748000084,63449.0,1.0,AOC_BEP,updateUserInfo,0.0,0.0,1.0,
1188.7787999876,16408.2845999801,18506.1130000104,6197.5263000058,6.0,0.0,1033.4980000043,4911.6999999881,1149.0,90152.1999999881,143686.3336999959,95063.8999999762,1.0,ATIDStaking,_insertLockedStake,11.0,7.0,1.0,
1147.4320999987,16321.8204999866,18450.6627999945,2039.9865999934,2.0,0.0,980.6176999991,7014.5,346.0,26174.099999994,76952.9145999986,33188.599999994,1.0,AloeBlend,_earmarkSomeForMaintenance,4.0,2.0,1.0,
1456.3755999843,16355.0462999847,18436.3126999815,1994.1918000113,2.0,0.0,1031.6018000012,4568.400000006,354.0,29558.900000006,78552.2562999977,34127.3000000119,1.0,Amoss,_burn,4.0,2.0,1.0,
1197.3883999744,16437.5589000119,18461.6830000014,2888.7761000078,0.0,1.0,933.3073000016,5006.6999999881,792.0,60684.599999994,110816.7867999873,65691.2999999821,1.0,AvatarArtMarketplace,_removeFromTokens,2.0,1.0,1.0,
1165.6415000034,16248.3309999807,18333.6497000128,2961.7566000088,0.0,1.0,965.8894000167,4705.099999994,530.0,42952.6000000238,92978.140399995,47657.7000000179,1.0,Balancer,_addActionBuilderAt,3.0,1.0,1.0,
